userId,cp_content_id,cp_name,curr_play_time_min,content_series_id,episode_id,playtime,content_series_name,content_category,streams_flag_final,content_season_id,playablecontent_ty,duration_secs,content_t,event_type,user_session_id,playablecontent_epinum,total_play_time_sec,playablecontent_tvsid,playablecontent_sid,episode_number,content_content_type,content_id,play_session_id,day
SqmoatFyhQItbto2j0,amzn1.dv.gti.97042393-152e-40bb-9f48-1ed3e5b77570,MINITV,0.0,MINITV_TVSHOW_amzn1.dv.gti.41b3be5f-8c1e-42fb-9aa8-d5de6dfa7416,,1.3139,Lovely Runner,VOD,play_start,MINITV_TVSHOW_amzn1.dv.gti.41b3be5f-8c1e-42fb-9aa8-d5de6dfa7416_SEASON_amzn1.dv.gti.54a693e5-dccf-4fe7-9321-04938df6be74,EPISODE,3682.0,Episode 7,play_init,6490c54d-a721-45b3-896d-4a7e712eaf00-1772000451170,7.0,78.351,MINITV_TVSHOW_amzn1.dv.gti.41b3be5f-8c1e-42fb-9aa8-d5de6dfa7416,MINITV_TVSHOW_amzn1.dv.gti.41b3be5f-8c1e-42fb-9aa8-d5de6dfa7416_SEASON_amzn1.dv.gti.54a693e5-dccf-4fe7-9321-04938df6be74,7.0,EPISODE,MINITV_EPISODE_amzn1.dv.gti.97042393-152e-40bb-9f48-1ed3e5b77570,d839aec4-23bb-485b-9e5a-d0a025366042,2026-02-25
8XIHf48LrGGISd2nx0,amzn1.dv.gti.a6250ae2-06b9-4cae-8592-1a0f2e685509,MINITV,0.0,MINITV_TVSHOW_amzn1.dv.gti.3bd7c93b-f4db-49ec-b5a1-377b314e700b,,16.682783333333333,Golden Boy,VOD,play_start,MINITV_TVSHOW_amzn1.dv.gti.3bd7c93b-f4db-49ec-b5a1-377b314e700b_SEASON_amzn1.dv.gti.40ee88b5-45af-4452-9d76-760ca8bfefa6,EPISODE,2557.0,Episode 76,play_pause,cbea05e8-fcdd-4d71-a054-755b355a1e18-1771996883736,76.0,1000.967,MINITV_TVSHOW_amzn1.dv.gti.3bd7c93b-f4db-49ec-b5a1-377b314e700b,MINITV_TVSHOW_amzn1.dv.gti.3bd7c93b-f4db-49ec-b5a1-377b314e700b_SEASON_amzn1.dv.gti.40ee88b5-45af-4452-9d76-760ca8bfefa6,76.0,EPISODE,MINITV_EPISODE_amzn1.dv.gti.a6250ae2-06b9-4cae-8592-1a0f2e685509,c7854933-04e6-4027-9838-e6d165120975,2026-02-25
ZuZKNPS_vLpBphj090,amzn1.dv.gti.b5350206-daa4-44d8-8dc8-b1bd05734a13,MINITV,0.0,MINITV_TVSHOW_amzn1.dv.gti.5ee35d32-83f4-49da-8db2-1ee2201a363f,,21.524016666666668,Demon Slayer,VOD,play_session_end,MINITV_TVSHOW_amzn1.dv.gti.5ee35d32-83f4-49da-8db2-1ee2201a363f_SEASON_amzn1.dv.gti.5957f704-a3cf-4180-84e7-4c93f9f9d3f8,EPISODE,1581.0,Episode 1,frame_dropped,ef4d9179-dc2b-43f2-9715-16c6c79395c9-1771956032926,1.0,1291.441,MINITV_TVSHOW_amzn1.dv.gti.5ee35d32-83f4-49da-8db2-1ee2201a363f,MINITV_TVSHOW_amzn1.dv.gti.5ee35d32-83f4-49da-8db2-1ee2201a363f_SEASON_amzn1.dv.gti.5957f704-a3cf-4180-84e7-4c93f9f9d3f8,1.0,EPISODE,MINITV_EPISODE_amzn1.dv.gti.b5350206-daa4-44d8-8dc8-b1bd05734a13,b4c8dfe6-0b1f-4dba-94fa-867f0b7be766,2026-02-25
qZu3lnpbLyZbANmOR0,amzn1.dv.gti.32b2fc28-008e-981f-af1b-d171c578d392,MINITV,0.0,,,135.52083333333334,,VOD,play_start,,MOVIE,8376.0,Satyameva Jayate,player_log,1b3373db-db84-4008-86c1-8e1e6b8c7171-1772034239210,,8131.25,,,,MOVIE,MINITV_MOVIE_amzn1.dv.gti.32b2fc28-008e-981f-af1b-d171c578d392,0bd39a95-0e2b-41a5-8d59-67cb56b66f18,2026-02-25
5ssd3wDDQF0SnFP800,amzn1.dv.gti.e6c3bee4-fea9-4d10-ac7b-61dd7f026d47,MINITV,0.0,,,63.27283333333334,,VOD,play_start,,MOVIE,9840.0,Jailer,player_log,716eac31-d737-4a2d-9dbd-d529b7fbb304-1772002211214,,3795.927,,,,MOVIE,MINITV_MOVIE_amzn1.dv.gti.e6c3bee4-fea9-4d10-ac7b-61dd7f026d47,fe2aa43d-9b0a-46ec-9401-d7410fd9a272,2026-02-25
OrupM71SoUr4UvL770,amzn1.dv.gti.e6c3bee4-fea9-4d10-ac7b-61dd7f026d47,MINITV,0.0,,,0.9744666666666666,,VOD,play_start,,MOVIE,9840.0,Jailer,play_pause,d52c73fd-5a38-4e1f-a597-4ce8614caa92-1772009866551,,57.793,,,,MOVIE,MINITV_MOVIE_amzn1.dv.gti.e6c3bee4-fea9-4d10-ac7b-61dd7f026d47,ddc52aa8-fc93-4c59-8cf5-97e1f54dba5f,2026-02-25
XoFpOHJQJYS_NCrFp0,PLAYFLIX_EPISODE_411_1,PLAYFLIX,0.0,PLAYFLIX_TVSHOW_ATL0000015623,,16.489066666666666,Best Mistake 2 (Tamil),VOD,play_start,PLAYFLIX_TVSHOW_ATL0000015623_SEASON_1,EPISODE,1800.0,Best Mistake 2 (Tamil),play_pause,5df7e058-2621-4b6a-a788-bc3d29baae2c-1771963490334,1.0,989.037,PLAYFLIX_TVSHOW_ATL0000015623,PLAYFLIX_TVSHOW_ATL0000015623_SEASON_1,1.0,EPISODE,PLAYFLIX_EPISODE_411_1,448280e2-f8c2-432d-8d9e-ae1438c06ac4,2026-02-25
LPDIoq16cNb2rhwde0,1000021241,SONYLIV_VOD,0.0,SONYLIV_VOD_TVSHOW_1700000084,,19.299283333333335,Taarak Mehta Ka Ooltah Chashmah,VOD,play_start,SONYLIV_VOD_TVSHOW_1700000084_SEASON_1,EPISODE,1154.0,Taarak Mehta Ka Ooltah Chashmah – An Enraged Jethalal Threatens Bhide,player_log,90307371-1772005228063,48.0,1155.0,SONYLIV_VOD_TVSHOW_1700000084,SONYLIV_VOD_TVSHOW_1700000084_SEASON_1,48.0,EPISODE,SONYLIV_VOD_EPISODE_1000021241,90307371-1772005228063-34359937-1772006500585,2026-02-25
7Gth4ylIj1f3jszhk0,1000028628,SONYLIV_VOD,0.0,SONYLIV_VOD_TVSHOW_1700000003,,20.821416666666668,Tenali Rama,VOD,play_start,SONYLIV_VOD_TVSHOW_1700000003_SEASON_1,EPISODE,1259.0,Rama Got Hypnotized,play_start,24fde6d8-0013-45ea-8e10-518b0006bd73-1772036126045,120.0,1248.199,SONYLIV_VOD_TVSHOW_1700000003,SONYLIV_VOD_TVSHOW_1700000003_SEASON_1,120.0,EPISODE,SONYLIV_VOD_EPISODE_1000028628,ade4b047-a865-45f3-80b9-6476424e38e7,2026-02-25
_HEDsEIx3AOy322Gi0,1000037016,SONYLIV_VOD,0.0,SONYLIV_VOD_TVSHOW_1700000084,,0.05291666666666666,Taarak Mehta Ka Ooltah Chashmah,VOD,play_start,SONYLIV_VOD_TVSHOW_1700000084_SEASON_6,EPISODE,1182.0,Taarak Mehta Ka Ooltah Chashmah – Strength In Unity,ready_to_play,f0639687-5d33-4b11-8c77-e58ac73f6ec5-1772005405477,518.0,3.175,SONYLIV_VOD_TVSHOW_1700000084,SONYLIV_VOD_TVSHOW_1700000084_SEASON_6,518.0,EPISODE,SONYLIV_VOD_EPISODE_1000037016,394db107-eb50-4faa-b629-d4c695ba9e10,2026-02-25
Xkk52nGAWVf_4gcAF0,1000115937,SONYLIV_VOD,0.0,SONYLIV_VOD_TVSHOW_1700000084,,22.2348,Taarak Mehta Ka Ooltah Chashmah,VOD,play_start,SONYLIV_VOD_TVSHOW_1700000084_SEASON_32,EPISODE,1359.0,Taarak Mehta Ka Ooltah Chashmah – Good News For Everyone,player_log,90ad9a91-216b-44eb-b1f2-da0515fa1e10-1772003479539,3148.0,1334.088,SONYLIV_VOD_TVSHOW_1700000084,SONYLIV_VOD_TVSHOW_1700000084_SEASON_32,3148.0,EPISODE,SONYLIV_VOD_EPISODE_1000115937,658550cc-1c4f-4eb8-ad17-d64cb3e8f65c,2026-02-25
lY34sM-6mTfr5HvnZ0,1000181120,SONYLIV_VOD,0.0,SONYLIV_VOD_TVSHOW_1700000181,,20.588116666666668,Maddam Sir,VOD,play_start,SONYLIV_VOD_TVSHOW_1700000181_SEASON_6,EPISODE,1261.0,Foreign Delegation,ready_to_play,453716f9-470b-429e-8be1-a9a2f2b5ce56-1772039459084,565.0,1235.287,SONYLIV_VOD_TVSHOW_1700000181,SONYLIV_VOD_TVSHOW_1700000181_SEASON_6,565.0,EPISODE,SONYLIV_VOD_EPISODE_1000181120,a9d126d2-eae4-4b4e-8d40-7aaf5fb9b6f5,2026-02-25
k16e9JexJLgF5UamS0,1090492612,SONYLIV_VOD,0.0,SONYLIV_VOD_TVSHOW_1700001014,,0.0,Indian Idol,VOD,play_start,SONYLIV_VOD_TVSHOW_1700001014_SEASON_16,EPISODE,4594.0,Yaadon Ki Playlist,play_init,b97bc255-bae2-41ce-bfb2-6024b99c8e5d-1772032516120,1.0,0.0,SONYLIV_VOD_TVSHOW_1700001014,SONYLIV_VOD_TVSHOW_1700001014_SEASON_16,1.0,EPISODE,SONYLIV_VOD_EPISODE_1090492612,588c0ddb-3f89-40e0-b757-d8a869c8d7aa,2026-02-25
NPOtlR3MmKEsdzpzE0,1090492612,SONYLIV_VOD,0.0,SONYLIV_VOD_TVSHOW_1700001014,,1.16365,Indian Idol,VOD,play_start,SONYLIV_VOD_TVSHOW_1700001014_SEASON_16,EPISODE,4594.0,Yaadon Ki Playlist,player_log,728646ea-f97c-4275-958a-2f182789b7b4-1772027576383,1.0,69.819,SONYLIV_VOD_TVSHOW_1700001014,SONYLIV_VOD_TVSHOW_1700001014_SEASON_16,1.0,EPISODE,SONYLIV_VOD_EPISODE_1090492612,3709d9c3-953c-445f-8502-c440782d8bfb,2026-02-25
pSL6uSFlkjkGTcUYC0,1090492612,SONYLIV_VOD,0.0,SONYLIV_VOD_TVSHOW_1700001014,,0.3307,Indian Idol,VOD,play_start,SONYLIV_VOD_TVSHOW_1700001014_SEASON_16,EPISODE,4594.0,Yaadon Ki Playlist,play_init,108114ba-4dbd-49d7-a48a-52cbc9aba987-1772030401767,1.0,19.842,SONYLIV_VOD_TVSHOW_1700001014,SONYLIV_VOD_TVSHOW_1700001014_SEASON_16,1.0,EPISODE,SONYLIV_VOD_EPISODE_1090492612,ebfa47bf-5d90-49a2-b002-701621e367f3,2026-02-25
GHr_FskFos1v4BDOJ0,1090496117,SONYLIV_VOD,0.0,SONYLIV_VOD_TVSHOW_1790006730,,31.01745,Kuttram Purindhavan: The Guilty One,VOD,play_start,SONYLIV_VOD_TVSHOW_1790006730_SEASON_1,EPISODE,2022.0,Breaking The Silence,player_log,aecba88a-2bca-49ef-820e-955dedeef2d4-1772007793506,6.0,1860.508,SONYLIV_VOD_TVSHOW_1790006730,SONYLIV_VOD_TVSHOW_1790006730_SEASON_1,6.0,EPISODE,SONYLIV_VOD_EPISODE_1090496117,cfc1b3c5-2e4b-442c-ba68-8c75bd989caf,2026-02-25
IKyZ3ijDxnd69BDBj0,1090498990,SONYLIV_VOD,0.0,SONYLIV_VOD_TVSHOW_1700000084,,0.634,Taarak Mehta Ka Ooltah Chashmah,VOD,play_start,SONYLIV_VOD_TVSHOW_1700000084_SEASON_47,EPISODE,1269.0,Dharam Ji Fever Continues,play_pause,51e46763-4097-4c17-a108-166d02daa6b7-1772005827618,4601.0,37.935,SONYLIV_VOD_TVSHOW_1700000084,SONYLIV_VOD_TVSHOW_1700000084_SEASON_47,4601.0,EPISODE,SONYLIV_VOD_EPISODE_1090498990,3ad763dc-004e-4ab2-82cf-efc9d7d72f74,2026-02-25
MCy3uGZG3f4tDGvti0,1090498990,SONYLIV_VOD,0.0,SONYLIV_VOD_TVSHOW_1700000084,,0.12706666666666666,Taarak Mehta Ka Ooltah Chashmah,VOD,play_start,SONYLIV_VOD_TVSHOW_1700000084_SEASON_47,EPISODE,1269.0,Dharam Ji Fever Continues,ready_to_play,f72e68a5-ab2b-42ff-9506-c6856ed87265-1772026409596,4601.0,6.342,SONYLIV_VOD_TVSHOW_1700000084,SONYLIV_VOD_TVSHOW_1700000084_SEASON_47,4601.0,EPISODE,SONYLIV_VOD_EPISODE_1090498990,4e69c760-31d4-43c9-9b81-6036bb480b55,2026-02-25
0CKV-cNPPbAkZZVMA0,1090498990,SONYLIV_VOD,0.0,SONYLIV_VOD_TVSHOW_1700000084,,0.5027666666666667,Taarak Mehta Ka Ooltah Chashmah,VOD,play_start,SONYLIV_VOD_TVSHOW_1700000084_SEASON_47,EPISODE,1269.0,Dharam Ji Fever Continues,play_start,73515232-1772038716953,4601.0,30.0,SONYLIV_VOD_TVSHOW_1700000084,SONYLIV_VOD_TVSHOW_1700000084_SEASON_47,4601.0,EPISODE,SONYLIV_VOD_EPISODE_1090498990,73515232-1772038716953-344972-1772039882160,2026-02-25
AIpmmUiBMUukEbOLm0,1090498990,SONYLIV_VOD,0.0,SONYLIV_VOD_TVSHOW_1700000084,,2.536583333333333,Taarak Mehta Ka Ooltah Chashmah,VOD,play_start,SONYLIV_VOD_TVSHOW_1700000084_SEASON_47,EPISODE,1269.0,Dharam Ji Fever Continues,ready_to_play,81072466-1772027949760,4601.0,152.0,SONYLIV_VOD_TVSHOW_1700000084,SONYLIV_VOD_TVSHOW_1700000084_SEASON_47,4601.0,EPISODE,SONYLIV_VOD_EPISODE_1090498990,81072466-1772027949760-51140215-1772028087912,2026-02-25
pRPxtez-hUI8nJVv00,1090498990,SONYLIV_VOD,0.0,SONYLIV_VOD_TVSHOW_1700000084,,0.10643333333333334,Taarak Mehta Ka Ooltah Chashmah,VOD,play_start,SONYLIV_VOD_TVSHOW_1700000084_SEASON_47,EPISODE,1269.0,Dharam Ji Fever Continues,ready_to_play,42b970ee-152e-489b-b2cd-ddb164102f54-1772038745405,4601.0,6.386,SONYLIV_VOD_TVSHOW_1700000084,SONYLIV_VOD_TVSHOW_1700000084_SEASON_47,4601.0,EPISODE,SONYLIV_VOD_EPISODE_1090498990,1eb1b58d-8dc3-4bd5-822b-2ccfa618bc88,2026-02-25
xIRWyjIQiuJIrsM9Y0,1090498990,SONYLIV_VOD,0.0,SONYLIV_VOD_TVSHOW_1700000084,,0.2601,Taarak Mehta Ka Ooltah Chashmah,VOD,play_start,SONYLIV_VOD_TVSHOW_1700000084_SEASON_47,EPISODE,1269.0,Dharam Ji Fever Continues,play_start,defd7dcc-3b01-4f07-b04a-e357af528157-1772033708880,4601.0,15.606,SONYLIV_VOD_TVSHOW_1700000084,SONYLIV_VOD_TVSHOW_1700000084_SEASON_47,4601.0,EPISODE,SONYLIV_VOD_EPISODE_1090498990,d8e668f7-36ef-4bbb-829a-19226be2fcaa,2026-02-25
W_G0v7grdbpn-utB30,1090498990,SONYLIV_VOD,0.0,SONYLIV_VOD_TVSHOW_1700000084,,0.0,Taarak Mehta Ka Ooltah Chashmah,VOD,play_start,SONYLIV_VOD_TVSHOW_1700000084_SEASON_47,EPISODE,1269.0,Dharam Ji Fever Continues,app_generated_action,ef295a82-a7ef-4571-acbf-e5acc2ba1e91-1772033737804,4601.0,0.0,SONYLIV_VOD_TVSHOW_1700000084,SONYLIV_VOD_TVSHOW_1700000084_SEASON_47,4601.0,EPISODE,SONYLIV_VOD_EPISODE_1090498990,6dbaa795-af1b-41cb-95ab-9649fece089c,2026-02-25
WDCtkS2dY1gtpYPKX0,1000231234,SONYLIV_VOD,0.0,,,58.83105,,VOD,play_start,,MOVIE,8767.0,Por Thozhil (Telugu),player_log,2e4d469e-785e-4ed0-a95c-ff5657f08c7d-1772027570779,,3529.863,,,,MOVIE,SONYLIV_VOD_MOVIE_1000231234,abb3f2ff-bc47-46ae-b936-a840ca21f0d5,2026-02-25
XGOJwKXz5PyEL_wt00,1090479621,SONYLIV_VOD,0.0,,,63.2538,,VOD,play_start,,MOVIE,8201.0,Maranamass,player_log,25323739-1772026628893,,3794.0,,,,MOVIE,SONYLIV_VOD_MOVIE_1090479621,25323739-1772026628893-29256917-1772026631981,2026-02-25
TlF3munPuwY2hJPCi0,FC8ACC98-D16C-41A9-B21A-79255221EB3F,AHA,0.0,,,0.14596666666666666,,VOD,play_start,,MOVIE,7808.0,Yugi,app_generated_action,41e21b31-340c-46fa-a877-9efb138f592e-1772017440387,,8.758,,,,MOVIE,AHA_MOVIE_FC8ACC98-D16C-41A9-B21A-79255221EB3F,85d6984c-08a1-4e66-b262-d70be843f26b,2026-02-25
GzzOHtxJqEYEsnu880,1000037894,SONYLIV_VOD,0.0,SONYLIV_VOD_TVSHOW_1700000181,,23.11975,Maddam Sir,VOD,play_start,SONYLIV_VOD_TVSHOW_1700000181_SEASON_1,EPISODE,1402.0,Haseena And The Fake Degree,play_init,59898277-1771981486121,4.0,1387.0,SONYLIV_VOD_TVSHOW_1700000181,SONYLIV_VOD_TVSHOW_1700000181_SEASON_1,4.0,EPISODE,SONYLIV_VOD_EPISODE_1000037894,59898277-1771981486121-15523011-1771981540154,2026-02-25
o7usP1eBwg7fZHBI30,1000062133,SONYLIV_VOD,0.0,SONYLIV_VOD_TVSHOW_1700000292,,44.92993333333333,Scam 1992 The Harshad Mehta Story,VOD,play_start,SONYLIV_VOD_TVSHOW_1700000292_SEASON_1,EPISODE,3188.0,Paise Ki Dukaan,player_log,1df039b2-9e5d-4833-b15a-71aa044033d8-1771993281939,3.0,2695.602,SONYLIV_VOD_TVSHOW_1700000292,SONYLIV_VOD_TVSHOW_1700000292_SEASON_1,3.0,EPISODE,SONYLIV_VOD_EPISODE_1000062133,aea21539-3e68-46a0-98f4-ab8d1d5e3cbb,2026-02-25
MGeIqg7YEoMJ-j-Bo0,1000167459,SONYLIV_VOD,0.0,SONYLIV_VOD_TVSHOW_1700000659,,5.288933333333333,Gullak,VOD,play_start,SONYLIV_VOD_TVSHOW_1700000659_SEASON_3,EPISODE,1886.0,Mission Admission,player_seek,27301caa-43c0-4d69-9c45-d84f1f67aa03-1772036883380,1.0,299.609,SONYLIV_VOD_TVSHOW_1700000659,SONYLIV_VOD_TVSHOW_1700000659_SEASON_3,1.0,EPISODE,SONYLIV_VOD_EPISODE_1000167459,e8946fd4-1d71-4147-8b88-44d759494063,2026-02-25
mgKsf2iBK2E6L2azo0,1000167459,SONYLIV_VOD,0.0,SONYLIV_VOD_TVSHOW_1700000659,,5.6131,Gullak,VOD,play_start,SONYLIV_VOD_TVSHOW_1700000659_SEASON_3,EPISODE,1886.0,Mission Admission,player_log,1fbc7d63-b82b-441a-9948-4128fb393adf-1772031206724,1.0,336.786,SONYLIV_VOD_TVSHOW_1700000659,SONYLIV_VOD_TVSHOW_1700000659_SEASON_3,1.0,EPISODE,SONYLIV_VOD_EPISODE_1000167459,d7a44d62-3920-4402-b870-240597938feb,2026-02-25
CTOUYvJdbULQtSyu_0,1000167460,SONYLIV_VOD,0.0,SONYLIV_VOD_TVSHOW_1700000659,,11.27675,Gullak,VOD,play_start,SONYLIV_VOD_TVSHOW_1700000659_SEASON_3,EPISODE,2333.0,Agua,player_log,d618348e-6364-4e23-8b12-95c184e710ca-1772020486864,3.0,676.331,SONYLIV_VOD_TVSHOW_1700000659,SONYLIV_VOD_TVSHOW_1700000659_SEASON_3,3.0,EPISODE,SONYLIV_VOD_EPISODE_1000167460,8b830149-e032-4ad0-9149-78facf740b46,2026-02-25
YUT7jhSAKR3zaCJ530,1000205382,SONYLIV_VOD,0.0,SONYLIV_VOD_TVSHOW_1700001135,,28.913833333333333,Tabbar (Marathi),VOD,play_start,SONYLIV_VOD_TVSHOW_1700001135_SEASON_1,EPISODE,1972.0,Jhooth,player_log,873d7c05-cc63-4d81-9bcd-242dca4f6bb5-1772031032560,2.0,1734.595,SONYLIV_VOD_TVSHOW_1700001135,SONYLIV_VOD_TVSHOW_1700001135_SEASON_1,2.0,EPISODE,SONYLIV_VOD_EPISODE_1000205382,4e57062e-9d54-4f43-b84e-90c11f3ffb65,2026-02-25
365390L1edWiLwXjz0,1090487262,SONYLIV_VOD,0.0,SONYLIV_VOD_TVSHOW_1700000196,,41.08219999999999,CID,VOD,play_start,SONYLIV_VOD_TVSHOW_1700000196_SEASON_2,EPISODE,2462.0,"Do Minute, Do Khoon",player_log,b59bfbb7-d994-4ba0-bd88-1678ecdbd30d-1772006157831,72.0,2464.932,SONYLIV_VOD_TVSHOW_1700000196,SONYLIV_VOD_TVSHOW_1700000196_SEASON_2,72.0,EPISODE,SONYLIV_VOD_EPISODE_1090487262,652bb753-0beb-4be4-b9c1-0f6b88cdc5c1,2026-02-25
9oRZSJnnlcDu6EPBW0,JOHNWICKY2014MKN,LIONSGATEPLAY,0.0,,,0.09028333333333333,,VOD,play_start,,MOVIE,6076.0,John Wick - Kannada,app_generated_action,f80707ec-ef72-4cb5-92a7-14a29999e206-1772037118745,,5.417,,,,MOVIE,LIONSGATEPLAY_MOVIE_JOHNWICKY2014MKN,a8ce1866-8d41-400a-928e-b38f4d82855b,2026-02-25
PfWAZbkCMkZDSUy2R0,180397,MANORAMAMAX,0.0,,,0.9217833333333334,,VOD,play_start,,MOVIE,8100.0,The Case Diary,api_init,c707b61b-8373-447c-8e25-c754e172cb0f-1772027193024,,55.307,,,,MOVIE,MANORAMAMAX_MOVIE_180397,c56a9b5e-308e-4300-8cfc-f32530a3e61f,2026-02-25
wC0hM6BbXyxIvVlKr0,amzn1.dv.gti.509e49a3-8066-4db0-b066-8b91cc72e69e,MINITV,0.0,MINITV_TVSHOW_amzn1.dv.gti.305ffd7f-ba88-4808-bfde-3227aa47bb7d,,21.421216666666666,Co-Ed,VOD,play_start,MINITV_TVSHOW_amzn1.dv.gti.305ffd7f-ba88-4808-bfde-3227aa47bb7d_SEASON_amzn1.dv.gti.b10e0511-21ea-4848-bc4c-a010b9a92724,EPISODE,1794.0,Scarmates,player_log,b97b264c-8fce-4715-b904-6fffc460dd21-1772024221144,2.0,1285.273,MINITV_TVSHOW_amzn1.dv.gti.305ffd7f-ba88-4808-bfde-3227aa47bb7d,MINITV_TVSHOW_amzn1.dv.gti.305ffd7f-ba88-4808-bfde-3227aa47bb7d_SEASON_amzn1.dv.gti.b10e0511-21ea-4848-bc4c-a010b9a92724,2.0,EPISODE,MINITV_EPISODE_amzn1.dv.gti.509e49a3-8066-4db0-b066-8b91cc72e69e,30fdcc2a-fedf-4c91-afb7-be84f5939cff,2026-02-25
UXj4Fml973vIAu7rJ0,1000015343,SONYLIV_VOD,0.0,SONYLIV_VOD_TVSHOW_1700000083,,6.5588999999999995,The Kapil Sharma Show,VOD,play_start,SONYLIV_VOD_TVSHOW_1700000083_SEASON_1,EPISODE,3979.0,FAN Special with Shah Rukh Khan,player_log,6abca0d6-0015-4c00-bd05-10e37c395149-1772036357501,1.0,322.584,SONYLIV_VOD_TVSHOW_1700000083,SONYLIV_VOD_TVSHOW_1700000083_SEASON_1,1.0,EPISODE,SONYLIV_VOD_EPISODE_1000015343,60be2dcc-4972-419f-a9d0-fda51c38df1b,2026-02-25
ZDGTspyZLSmUWcJ9a0,1000037020,SONYLIV_VOD,0.0,SONYLIV_VOD_TVSHOW_1700000084,,20.736833333333333,Taarak Mehta Ka Ooltah Chashmah,VOD,play_start,SONYLIV_VOD_TVSHOW_1700000084_SEASON_6,EPISODE,1254.0,Taarak Mehta Ka Ooltah Chashmah – Sodhi's Party,player_log,5077429-1772037642830,599.0,1244.0,SONYLIV_VOD_TVSHOW_1700000084,SONYLIV_VOD_TVSHOW_1700000084_SEASON_6,599.0,EPISODE,SONYLIV_VOD_EPISODE_1000037020,5077429-1772037642830-43679282-1772041383583,2026-02-25
krH7jngl8lYOoPfE-0,1000117842,SONYLIV_VOD,0.0,SONYLIV_VOD_TVSHOW_1700000107,,23.63406666666667,Mere Sai - Shraddha Aur Saburi,VOD,play_start,SONYLIV_VOD_TVSHOW_1700000107_SEASON_9,EPISODE,1440.0,Rama Ka Ateet,player_log,f08925e0-bf43-4b22-81b2-4d5b19d3cf46-1772031927062,872.0,1418.044,SONYLIV_VOD_TVSHOW_1700000107,SONYLIV_VOD_TVSHOW_1700000107_SEASON_9,872.0,EPISODE,SONYLIV_VOD_EPISODE_1000117842,2801225e-a321-4c04-9301-ac9489785c28,2026-02-25
klCcgC1-whb8lR0Jm0,1000249270,SONYLIV_VOD,0.0,SONYLIV_VOD_TVSHOW_1700001283,,3.0782000000000003,Scam 2003: The Telgi Story,VOD,play_start,SONYLIV_VOD_TVSHOW_1700001283_SEASON_1,EPISODE,2110.0,Logic Ka Magic,play_pause,2bd8d65c-c279-41e6-b88c-d35e3832746e-1772039046739,7.0,184.644,SONYLIV_VOD_TVSHOW_1700001283,SONYLIV_VOD_TVSHOW_1700001283_SEASON_1,7.0,EPISODE,SONYLIV_VOD_EPISODE_1000249270,39b9e9b2-9b33-4dfa-8a05-b215e6d871ab,2026-02-25
QoE57LBVBumh35H6N0,1090485063,SONYLIV_VOD,0.0,SONYLIV_VOD_TVSHOW_1700000084,,2.112616666666667,Taarak Mehta Ka Ooltah Chashmah,VOD,play_session_end,SONYLIV_VOD_TVSHOW_1700000084_SEASON_44,EPISODE,1338.0,Bawri Bani Customer,play_resume,62038030-1772004031101,4451.0,126.0,SONYLIV_VOD_TVSHOW_1700000084,SONYLIV_VOD_TVSHOW_1700000084_SEASON_44,4451.0,EPISODE,SONYLIV_VOD_EPISODE_1090485063,62038030-1772004031101-31009391-1772004040606,2026-02-25
UyS1watXfZRwjd_Yu0,1090485235,SONYLIV_VOD,0.0,SONYLIV_VOD_TVSHOW_1700000196,,0.3723666666666666,CID,VOD,play_start,SONYLIV_VOD_TVSHOW_1700000196_SEASON_2,EPISODE,2640.0,Team CID On A Vacation,play_start,f918dc92-2673-4617-a82f-527f55cd3453-1772036025560,61.0,20.566,SONYLIV_VOD_TVSHOW_1700000196,SONYLIV_VOD_TVSHOW_1700000196_SEASON_2,61.0,EPISODE,SONYLIV_VOD_EPISODE_1090485235,6b204f0b-5b39-4195-bbd7-88afec6d1227,2026-02-25
gFGmexBzVIfPGMbgU0,1090503290,SONYLIV_VOD,0.0,SONYLIV_VOD_TVSHOW_1790006756,,55.549150000000004,Wheel Of Fortune,VOD,play_start,SONYLIV_VOD_TVSHOW_1790006756_SEASON_1,EPISODE,3412.0,"Sajid, Riteish And Tusshar Spin The Wheel",player_log,349dc2e2-97a5-40e9-8202-51e6ba00151d-1772006568375,7.0,3320.853,SONYLIV_VOD_TVSHOW_1790006756,SONYLIV_VOD_TVSHOW_1790006756_SEASON_1,7.0,EPISODE,SONYLIV_VOD_EPISODE_1090503290,4ae0e9aa-d71c-4a55-bfe9-25b6ad15f643,2026-02-25
BAgE8m1KR-JUNGexT0,1090504825,SONYLIV_VOD,0.0,SONYLIV_VOD_TVSHOW_1790006756,,0.11058333333333333,Wheel Of Fortune,VOD,play_start,SONYLIV_VOD_TVSHOW_1790006756_SEASON_1,EPISODE,3051.0,"Adarsh, Anit And Mohit Spin The Wheel ",play_init,15480396-1771963517718,20.0,6.0,SONYLIV_VOD_TVSHOW_1790006756,SONYLIV_VOD_TVSHOW_1790006756_SEASON_1,20.0,EPISODE,SONYLIV_VOD_EPISODE_1090504825,15480396-1771963517718-48264634-1771963520798,2026-02-25
FIBdEg5G4hQA2lIDK0,1090504825,SONYLIV_VOD,0.0,SONYLIV_VOD_TVSHOW_1790006756,,50.49113333333334,Wheel Of Fortune,VOD,play_start,SONYLIV_VOD_TVSHOW_1790006756_SEASON_1,EPISODE,3051.0,"Adarsh, Anit And Mohit Spin The Wheel ",player_log,d84bd4c2-8102-43c9-b1af-fe771bc693f4-1771996718051,20.0,3006.255,SONYLIV_VOD_TVSHOW_1790006756,SONYLIV_VOD_TVSHOW_1790006756_SEASON_1,20.0,EPISODE,SONYLIV_VOD_EPISODE_1090504825,4fd58c3c-01f9-4251-8ac1-0e765a29b76b,2026-02-25
SB2lYaJEOre2QmfK80,1090504825,SONYLIV_VOD,0.0,SONYLIV_VOD_TVSHOW_1790006756,,0.6551333333333333,Wheel Of Fortune,VOD,play_start,SONYLIV_VOD_TVSHOW_1790006756_SEASON_1,EPISODE,3051.0,"Adarsh, Anit And Mohit Spin The Wheel ",play_start,ddae682b-612a-4c88-b80d-6120705a451c-1772009306950,20.0,31.952,SONYLIV_VOD_TVSHOW_1790006756,SONYLIV_VOD_TVSHOW_1790006756_SEASON_1,20.0,EPISODE,SONYLIV_VOD_EPISODE_1090504825,fdd2fc4d-3985-4817-97bc-7d5fa38520f7,2026-02-25
iYR22vzFVRMf520J-0,734,ADDATIMES,0.0,ADDATIMES_TVSHOW_59,,0.18596666666666667,'ক্ষ্যাপা'  'Khyapa',VOD,play_start,ADDATIMES_TVSHOW_59_SEASON_3,EPISODE,1286.0,Khyapa S3|E7,play_session_end,70723392-1772010597357,7.0,11.0,ADDATIMES_TVSHOW_59,ADDATIMES_TVSHOW_59_SEASON_3,7.0,EPISODE,ADDATIMES_TVSHOW_59_SEASON_3_EPISODE_7,70723392-1772010597357-86868709-1772016220179,2026-02-25
jJclxydV-lH1MT8fY0,E6472706-E9F8-4B46-BB8B-73FC4DF35F9D,AHA,0.0,,,56.00013333333333,,VOD,play_start,,MOVIE,8713.0,Maruthi Nagar Subrahmanyam,player_log,64f546ad-0f57-4fd4-8c7f-c5ee7350fd29-1772001902905,,3360.008,,,,MOVIE,AHA_MOVIE_E6472706-E9F8-4B46-BB8B-73FC4DF35F9D,d763f916-27b7-4bd1-9e75-25fbe89d6869,2026-02-25
9gl92NXdCxQyyvIg10,en_movie_855,CHAUPAL,0.0,,,15.143633333333334,,VOD,play_start,,MOVIE,5640.0,Chowkidar Hi Chor Hai,player_log,d562ea35-f330-4ff2-8b4a-6bc5f3770ccc-1772039139707,,908.618,,,,MOVIE,CHAUPAL_MOVIE_en_movie_855,fda4e2c8-39fe-4e54-9921-8d2de801e54a,2026-02-25
U_Fv7RlE2PvREUf0T0,6089864,EROSNOW,0.0,,,19.009083333333333,,VOD,play_start,,MOVIE,9315.0,Ra.One - Tamil,player_log,6cf99bd4-47e6-49b8-9a94-cc1ca90c8879-1772030758481,,1140.545,,,,MOVIE,EROSNOW_MOVIE_6089864,4df5544c-c05a-48b8-ae35-cde7b490affb,2026-02-25
6KeGBSA4AvpnJ0Eor0,cac17aec-e55a-4f56-8ea0-b822b58a6fd3,HOICHOI,0.0,HOICHOI_TVSHOW_28678218-6054-49ae-b848-acd67c52530d,,10.749866666666666,Shakha Proshakha,VOD,play_start,HOICHOI_TVSHOW_28678218-6054-49ae-b848-acd67c52530d_SEASON_1,EPISODE,666.0,⁠Bongshoporichoy,player_log,dd70762a-2a7d-47ef-b2f7-6b286165e2d2-1772006875681,11.0,644.992,HOICHOI_TVSHOW_28678218-6054-49ae-b848-acd67c52530d,HOICHOI_TVSHOW_28678218-6054-49ae-b848-acd67c52530d_SEASON_1,11.0,EPISODE,HOICHOI_EPISODE_cac17aec-e55a-4f56-8ea0-b822b58a6fd3,df7bbd69-af98-4773-b2cd-2b113f68dea5,2026-02-25
RP-fDpjDkSgXPp20A0,cac17aec-e55a-4f56-8ea0-b822b58a6fd3,HOICHOI,0.0,HOICHOI_TVSHOW_28678218-6054-49ae-b848-acd67c52530d,,0.16425,Shakha Proshakha,VOD,play_start,HOICHOI_TVSHOW_28678218-6054-49ae-b848-acd67c52530d_SEASON_1,EPISODE,666.0,⁠Bongshoporichoy,play_session_end,5348699b-3ea8-48b1-b6cd-3a0744d04ea7-1772018877567,11.0,9.855,HOICHOI_TVSHOW_28678218-6054-49ae-b848-acd67c52530d,HOICHOI_TVSHOW_28678218-6054-49ae-b848-acd67c52530d_SEASON_1,11.0,EPISODE,HOICHOI_EPISODE_cac17aec-e55a-4f56-8ea0-b822b58a6fd3,4be1033c-ac30-47aa-ad09-b641a92bde56,2026-02-25
rQmlSMrBG97vbrIbP0,AFTERBURNY2025M,LIONSGATEPLAY,0.0,,,0.6223500000000001,,VOD,play_start,,MOVIE,6109.0,Afterburn,play_pause,183abe55-42c9-4f0a-897b-ad3d1118fa57-1772036543003,,31.867,,,,MOVIE,LIONSGATEPLAY_MOVIE_AFTERBURNY2025M,7f53257c-c807-4f52-93db-efc28be99aac,2026-02-25
CBZd6sl74Q2rYMWTy0,DEADLOCKY2021MHI,LIONSGATEPLAY,0.0,,,27.1734,,VOD,play_start,,MOVIE,5529.0,Deadlock - Hindi,player_log,d36142b3-8cdd-4f81-8490-ebc360b05a42-1772042454426,,1629.562,,,,MOVIE,LIONSGATEPLAY_MOVIE_DEADLOCKY2021MHI,e0b9c032-0c13-4be8-9cac-3484bf616a5a,2026-02-25
YMBj1iCPPvOx6szFS0,amzn1.dv.gti.1ea1cc64-7fbe-46ff-8d25-9ef71f014cc5,MINITV,0.0,,,0.6639166666666667,,VOD,play_start,,MOVIE,7733.0,Ishq Vishk,frame_dropped,414a8dc1-5853-4975-a66a-8f28f8b36ef7-1772006783424,,39.835,,,,MOVIE,MINITV_MOVIE_amzn1.dv.gti.1ea1cc64-7fbe-46ff-8d25-9ef71f014cc5,3f022c52-540d-476d-8345-84370f88350b,2026-02-25
AglgpU42wYviLwB8t0,1000014618,SONYLIV_VOD,0.0,SONYLIV_VOD_TVSHOW_1700000084,,2.60165,Taarak Mehta Ka Ooltah Chashmah,VOD,play_start,SONYLIV_VOD_TVSHOW_1700000084_SEASON_10,EPISODE,1196.0,Taarak Mehta Ka Ooltah Chashmah ‚Äì The Ladies' Party,player_log,49e98eb1-4c0a-4a61-90ab-ba72a031080e-1772004952908,958.0,156.099,SONYLIV_VOD_TVSHOW_1700000084,SONYLIV_VOD_TVSHOW_1700000084_SEASON_10,958.0,EPISODE,SONYLIV_VOD_EPISODE_1000014618,7e7cda9b-dab5-4207-b2bc-37ff54383ed2,2026-02-25
AQ9_7B8JW2V7X9b6g0,1000014735,SONYLIV_VOD,0.0,SONYLIV_VOD_TVSHOW_1700000084,,0.3156333333333334,Taarak Mehta Ka Ooltah Chashmah,VOD,play_start,SONYLIV_VOD_TVSHOW_1700000084_SEASON_2,EPISODE,1166.0,Taarak Mehta Ka Ooltah Chashmah – Jethalal Misinterpreted The Situation,player_seek,0f1c3f54-fb10-4f38-9506-a13249bcde3a-1772023454505,190.0,18.571,SONYLIV_VOD_TVSHOW_1700000084,SONYLIV_VOD_TVSHOW_1700000084_SEASON_2,190.0,EPISODE,SONYLIV_VOD_EPISODE_1000014735,ca25979d-8e21-4966-8ea9-94709c046252,2026-02-25
XxqecZN3FjtxyxW_50,1000036822,SONYLIV_VOD,0.0,SONYLIV_VOD_TVSHOW_1700000084,,19.6713,Taarak Mehta Ka Ooltah Chashmah,VOD,play_start,SONYLIV_VOD_TVSHOW_1700000084_SEASON_7,EPISODE,1227.0,Taarak Mehta Ka Ooltah Chashmah – The Mango Stall,player_log,066f92f5-e717-47e8-aa09-6df4b92ada5b-1772004685757,609.0,1180.278,SONYLIV_VOD_TVSHOW_1700000084,SONYLIV_VOD_TVSHOW_1700000084_SEASON_7,609.0,EPISODE,SONYLIV_VOD_EPISODE_1000036822,385d70c2-a31d-48ab-8747-224641a9c293,2026-02-25
d3Us8peqQxDjK2M3r0,1000037065,SONYLIV_VOD,0.0,SONYLIV_VOD_TVSHOW_1700000084,,19.4395,Taarak Mehta Ka Ooltah Chashmah,VOD,play_start,SONYLIV_VOD_TVSHOW_1700000084_SEASON_13,EPISODE,1189.0,Taarak Mehta Ka Ooltah Chashmah – An Envelope Of Cash,player_log,42f0f5e3-50a4-4cf0-a9f9-931bfeb8f4dc-1772032757517,1270.0,1166.37,SONYLIV_VOD_TVSHOW_1700000084,SONYLIV_VOD_TVSHOW_1700000084_SEASON_13,1270.0,EPISODE,SONYLIV_VOD_EPISODE_1000037065,620c4663-3bba-4b8d-ad06-2ec024c4fab9,2026-02-25
1qXj8AvgT4Kqo6qIn0,1090496113,SONYLIV_VOD,0.0,SONYLIV_VOD_TVSHOW_1790006730,,31.734899999999996,Kuttram Purindhavan: The Guilty One,VOD,play_start,SONYLIV_VOD_TVSHOW_1790006730_SEASON_1,EPISODE,2075.0,What Happened Last Night?,player_log,10e2f86d-e5b8-4526-9309-b57dcfc93b3c-1772036976590,2.0,1903.83,SONYLIV_VOD_TVSHOW_1790006730,SONYLIV_VOD_TVSHOW_1790006730_SEASON_1,2.0,EPISODE,SONYLIV_VOD_EPISODE_1090496113,fb58dc16-e278-467f-ad0b-00838bc58fd7,2026-02-25
i-SlrpfwqSNRpEQc50,1090504580,SONYLIV_VOD,0.0,SONYLIV_VOD_TVSHOW_1790006756,,0.18866666666666668,Wheel Of Fortune,VOD,play_start,SONYLIV_VOD_TVSHOW_1790006756_SEASON_1,EPISODE,2974.0,"Sahil, Ira And Leon Spin The Wheel",app_generated_action,d70b8a1b-13eb-4fdf-affd-015007cd6c0f-1771998284485,19.0,10.327,SONYLIV_VOD_TVSHOW_1790006756,SONYLIV_VOD_TVSHOW_1790006756_SEASON_1,19.0,EPISODE,SONYLIV_VOD_EPISODE_1090504580,aaede1cc-fb48-4dd0-a917-195eab980346,2026-02-25
ZYsQH_mLenkNrikQ00,1090504580,SONYLIV_VOD,0.0,SONYLIV_VOD_TVSHOW_1790006756,,34.91826666666667,Wheel Of Fortune,VOD,play_start,SONYLIV_VOD_TVSHOW_1790006756_SEASON_1,EPISODE,2974.0,"Sahil, Ira And Leon Spin The Wheel",player_log,8fd4f632-2c99-4bb0-b1cd-8a5ad2e3d763-1772039690975,19.0,2082.462,SONYLIV_VOD_TVSHOW_1790006756,SONYLIV_VOD_TVSHOW_1790006756_SEASON_1,19.0,EPISODE,SONYLIV_VOD_EPISODE_1090504580,df57800b-a493-464c-a1ee-0994c509e474,2026-02-25
3kT54Qvp3bYTe2cEZ0,1090504580,SONYLIV_VOD,0.0,SONYLIV_VOD_TVSHOW_1790006756,,0.20741666666666667,Wheel Of Fortune,VOD,play_start,SONYLIV_VOD_TVSHOW_1790006756_SEASON_1,EPISODE,2974.0,"Sahil, Ira And Leon Spin The Wheel",frame_dropped,65b6982a-20cb-49d8-abc1-3cf58550236f-1772008681624,19.0,11.335,SONYLIV_VOD_TVSHOW_1790006756,SONYLIV_VOD_TVSHOW_1790006756_SEASON_1,19.0,EPISODE,SONYLIV_VOD_EPISODE_1090504580,d6565ee7-51c0-4d5c-a497-67417d13901b,2026-02-25
aIr4WTL4Y4VQjuKhH0,1000191021,SONYLIV_VOD,0.0,,,3.7413666666666665,,VOD,play_start,,MOVIE,6451.0,Eesho (Hindi),player_seek,be1647a3-ca91-4816-b2a9-4cc579fb36b9-1771995331404,,218.993,,,,MOVIE,SONYLIV_VOD_MOVIE_1000191021,617295a3-6ea0-4007-91b5-d947ada76f5b,2026-02-25
3Jc1oPfCsuPfneH7F0,8D7C14A3-895A-47E7-9795-EA10BC692568,AHA,0.0,AHA_TVSHOW_9707C855-0CAA-465E-B9A5-D70C594E6F50,,23.209283333333328,Dhoolpet Police Station,VOD,play_start,AHA_TVSHOW_9707C855-0CAA-465E-B9A5-D70C594E6F50_SEASON_1,EPISODE,1732.0,The Expected and the Unexpected,play_pause,86988a4a-8eb4-404f-962e-96e337f33523-1772023476707,14.0,1392.341,AHA_TVSHOW_9707C855-0CAA-465E-B9A5-D70C594E6F50,AHA_TVSHOW_9707C855-0CAA-465E-B9A5-D70C594E6F50_SEASON_1,14.0,EPISODE,AHA_EPISODE_8D7C14A3-895A-47E7-9795-EA10BC692568,2dbae9b8-2ae1-4be5-a306-218a9171f97f,2026-02-25
erhaelapYvCUsYBj60,en_movie_766,CHAUPAL,0.0,,,27.810466666666667,,VOD,play_start,,MOVIE,8460.0,Sarbala Ji,play_pause,77c3dd3f-70b5-4ea9-a898-94e5f5dbd8a1-1772031796560,,1668.628,,,,MOVIE,CHAUPAL_MOVIE_en_movie_766,9ac2184e-0fda-4e83-bb7a-2133b8a3e349,2026-02-25
ssNfR5OM_yrz6vz1o0,4c265343-5a3b-45b0-bad0-fdee5b36f470,HOICHOI,0.0,HOICHOI_TVSHOW_040a0d21-ebef-402e-a650-7ba0389b071b,,26.691983333333333,Srikanto,VOD,play_start,HOICHOI_TVSHOW_040a0d21-ebef-402e-a650-7ba0389b071b_SEASON_1,EPISODE,1456.0,Deceit.,api_init,4b18591c-2551-4371-8c53-003e07b22347-1772010067728,5.0,1601.519,HOICHOI_TVSHOW_040a0d21-ebef-402e-a650-7ba0389b071b,HOICHOI_TVSHOW_040a0d21-ebef-402e-a650-7ba0389b071b_SEASON_1,5.0,EPISODE,HOICHOI_EPISODE_4c265343-5a3b-45b0-bad0-fdee5b36f470,aba11a61-87e9-40ad-a6a8-55856abbd1ec,2026-02-25
pGWHKVEDqgsgF-KHf0,df7be109-d7e3-45f9-b9e2-2fad49346770,HOICHOI,0.0,HOICHOI_TVSHOW_b99bdc68-2297-4d67-b383-cef7e44c523d,,23.22286666666667,Gora,VOD,play_start,HOICHOI_TVSHOW_b99bdc68-2297-4d67-b383-cef7e44c523d_SEASON_1,EPISODE,1419.0,Shasti,play_init,e4508db2-454d-49fd-8ce5-5f69339dce7f-1771956274870,7.0,1393.372,HOICHOI_TVSHOW_b99bdc68-2297-4d67-b383-cef7e44c523d,HOICHOI_TVSHOW_b99bdc68-2297-4d67-b383-cef7e44c523d_SEASON_1,7.0,EPISODE,HOICHOI_EPISODE_df7be109-d7e3-45f9-b9e2-2fad49346770,75682d2c-d8f3-47dc-a2ff-4c551813af4b,2026-02-25
5AqBe1xDwnHTC5xcT0,GODZILLAY1998M,LIONSGATEPLAY,0.0,,,65.62911666666666,,VOD,play_start,,MOVIE,7993.0,Godzilla,play_pause,6b795924-4a2f-4bdb-a50b-f18c089d79ab-1772035087578,,3937.747,,,,MOVIE,LIONSGATEPLAY_MOVIE_GODZILLAY1998M,22e7a4b6-b6a1-444e-834a-0954d6fcb19a,2026-02-25
qOxwusofYAZg6rXaU0,145146,MANORAMAMAX,0.0,,,37.765133333333324,,VOD,play_session_end,,MOVIE,7680.0,John Luther,player_log,7e72280c-48f5-4ddb-bc38-391dedb755d1-1771951527652,,2265.9079999999994,,,,MOVIE,MANORAMAMAX_MOVIE_145146,e9fde9a9-2458-46fe-a449-e0d28055a4b3,2026-02-25
-yBUoQxicSsCCgntK0,amzn1.dv.gti.34b75b52-7b52-43ba-b9a9-807131097989,MINITV,0.0,MINITV_TVSHOW_amzn1.dv.gti.c0fd0fc9-058b-456a-a880-a7f003afae1b,,0.10561666666666666,Amar Vishwas,VOD,play_start,MINITV_TVSHOW_amzn1.dv.gti.c0fd0fc9-058b-456a-a880-a7f003afae1b_SEASON_amzn1.dv.gti.f978375c-bd3a-4d2c-9c03-330aab0cee8d,EPISODE,2343.0,Katghare Mein Sach,ready_to_play,79906303-1772034428992,10.0,6.0,MINITV_TVSHOW_amzn1.dv.gti.c0fd0fc9-058b-456a-a880-a7f003afae1b,MINITV_TVSHOW_amzn1.dv.gti.c0fd0fc9-058b-456a-a880-a7f003afae1b_SEASON_amzn1.dv.gti.f978375c-bd3a-4d2c-9c03-330aab0cee8d,10.0,EPISODE,MINITV_EPISODE_amzn1.dv.gti.34b75b52-7b52-43ba-b9a9-807131097989,79906303-1772034428992-21831990-1772034430565,2026-02-25
p-bLO_Why727wMri50,amzn1.dv.gti.d2f03d74-02e2-4a58-8229-5e26ac5fd67f,MINITV,0.0,MINITV_TVSHOW_amzn1.dv.gti.c0fd0fc9-058b-456a-a880-a7f003afae1b,,22.812933333333334,Amar Vishwas,VOD,play_start,MINITV_TVSHOW_amzn1.dv.gti.c0fd0fc9-058b-456a-a880-a7f003afae1b_SEASON_amzn1.dv.gti.f978375c-bd3a-4d2c-9c03-330aab0cee8d,EPISODE,1440.0,Dabi Sacchai,frame_dropped,987845de-666f-473e-8293-36f6ea4e3667-1771952548912,9.0,1343.768,MINITV_TVSHOW_amzn1.dv.gti.c0fd0fc9-058b-456a-a880-a7f003afae1b,MINITV_TVSHOW_amzn1.dv.gti.c0fd0fc9-058b-456a-a880-a7f003afae1b_SEASON_amzn1.dv.gti.f978375c-bd3a-4d2c-9c03-330aab0cee8d,9.0,EPISODE,MINITV_EPISODE_amzn1.dv.gti.d2f03d74-02e2-4a58-8229-5e26ac5fd67f,1e55a503-ce76-4a8d-a847-708bcf7f5cc1,2026-02-25
xqyeR6ZJrFfd8ERlB0,amzn1.dv.gti.d2f03d74-02e2-4a58-8229-5e26ac5fd67f,MINITV,0.0,MINITV_TVSHOW_amzn1.dv.gti.c0fd0fc9-058b-456a-a880-a7f003afae1b,,25.426550000000002,Amar Vishwas,VOD,play_start,MINITV_TVSHOW_amzn1.dv.gti.c0fd0fc9-058b-456a-a880-a7f003afae1b_SEASON_amzn1.dv.gti.f978375c-bd3a-4d2c-9c03-330aab0cee8d,EPISODE,1440.0,Dabi Sacchai,play_pause,d9c7d75b-fba1-436b-9d9d-2d935c04d92b-1772039000196,9.0,1525.593,MINITV_TVSHOW_amzn1.dv.gti.c0fd0fc9-058b-456a-a880-a7f003afae1b,MINITV_TVSHOW_amzn1.dv.gti.c0fd0fc9-058b-456a-a880-a7f003afae1b_SEASON_amzn1.dv.gti.f978375c-bd3a-4d2c-9c03-330aab0cee8d,9.0,EPISODE,MINITV_EPISODE_amzn1.dv.gti.d2f03d74-02e2-4a58-8229-5e26ac5fd67f,3f2c5a94-2f62-4ca5-a0de-ebdfea53c85a,2026-02-25
4Bl8prRyL_DyXKxJY0,amzn1.dv.gti.eaa67d2e-35c4-4561-9e52-c1ad7740713e,MINITV,0.0,MINITV_TVSHOW_amzn1.dv.gti.02757d5f-c371-46e9-8cb1-bb6d13ae9811,,13.8697,School Friends,VOD,play_start,MINITV_TVSHOW_amzn1.dv.gti.02757d5f-c371-46e9-8cb1-bb6d13ae9811_SEASON_amzn1.dv.gti.7086b5ef-595a-4bbf-911e-1dd299e35512,EPISODE,855.0,Mistri Bane Kalakar,player_log,bfed35f0-25a2-4208-afcb-cc17d79ff440-1772011143466,7.0,829.323,MINITV_TVSHOW_amzn1.dv.gti.02757d5f-c371-46e9-8cb1-bb6d13ae9811,MINITV_TVSHOW_amzn1.dv.gti.02757d5f-c371-46e9-8cb1-bb6d13ae9811_SEASON_amzn1.dv.gti.7086b5ef-595a-4bbf-911e-1dd299e35512,7.0,EPISODE,MINITV_EPISODE_amzn1.dv.gti.eaa67d2e-35c4-4561-9e52-c1ad7740713e,ef6e1bc6-6e54-4b67-bf53-fe8676e3a2fd,2026-02-25
wFznvOLRAISnwsMyq0,amzn1.dv.gti.f489c216-d1e3-4a49-a5b4-81b45034f2c5,MINITV,0.0,MINITV_TVSHOW_amzn1.dv.gti.3e4e98e2-a646-49bd-a0bb-11753e2a0948,,28.82065,Mitti - Ek Nayi Pehchaan,VOD,play_start,MINITV_TVSHOW_amzn1.dv.gti.3e4e98e2-a646-49bd-a0bb-11753e2a0948_SEASON_amzn1.dv.gti.6af463fd-351d-4fae-b582-f9c31c1b342a,EPISODE,1901.0,Dadu Calling...,player_log,c2a34fca-fe21-4117-ba72-2198ddbadec1-1772036407433,1.0,1728.955,MINITV_TVSHOW_amzn1.dv.gti.3e4e98e2-a646-49bd-a0bb-11753e2a0948,MINITV_TVSHOW_amzn1.dv.gti.3e4e98e2-a646-49bd-a0bb-11753e2a0948_SEASON_amzn1.dv.gti.6af463fd-351d-4fae-b582-f9c31c1b342a,1.0,EPISODE,MINITV_EPISODE_amzn1.dv.gti.f489c216-d1e3-4a49-a5b4-81b45034f2c5,17223a07-d366-4e3f-a704-54f9eff2b115,2026-02-25
uZDKHOFbANI7GOocX0,amzn1.dv.gti.a5219df1-aa62-4335-9401-33466f36cc19,MINITV,0.0,,,1.2931166666666667,,VOD,play_start,,MOVIE,9906.0,Ponniyin Selvan Part 2 (Hindi),play_pause,5be05fec-4856-469c-820a-a8bdeeab6c87-1772034663014,,76.134,,,,MOVIE,MINITV_MOVIE_amzn1.dv.gti.a5219df1-aa62-4335-9401-33466f36cc19,889b3ce3-2b18-47b3-b7c5-45c620623357,2026-02-25
18FTfoRCzZ1FywwAV0,PLAYFLIX_EPISODE_441_2,PLAYFLIX,0.0,PLAYFLIX_TVSHOW_ATL0000016165,,8.652516666666665,Kiss Goblin (Telugu),VOD,play_start,PLAYFLIX_TVSHOW_ATL0000016165_SEASON_1,EPISODE,678.0,Kiss Goblin (Telugu),player_log,7f9808fc-0b62-4cd9-ac51-96542c41f457-1772016870602,2.0,519.151,PLAYFLIX_TVSHOW_ATL0000016165,PLAYFLIX_TVSHOW_ATL0000016165_SEASON_1,2.0,EPISODE,PLAYFLIX_EPISODE_441_2,13fbf316-7e89-4716-8c65-36e87e7717f6,2026-02-25
_0ErVbU6n9vwJsXNT0,1000017688,SONYLIV_VOD,0.0,SONYLIV_VOD_TVSHOW_1700000095,,4.50255,Kuch Rang Pyar Ke Aise Bhi,VOD,play_start,SONYLIV_VOD_TVSHOW_1700000095_SEASON_1,EPISODE,1238.0,Ranveer Ki Manzil,player_log,44006569-1772000240336,100.0,270.0,SONYLIV_VOD_TVSHOW_1700000095,SONYLIV_VOD_TVSHOW_1700000095_SEASON_1,100.0,EPISODE,SONYLIV_VOD_EPISODE_1000017688,44006569-1772000240336-5184368-1772000270817,2026-02-25
P-QEt-1D__0U7Dq-u0,1000028993,SONYLIV_VOD,0.0,SONYLIV_VOD_TVSHOW_1700000003,,5.1266333333333325,Tenali Rama,VOD,play_start,SONYLIV_VOD_TVSHOW_1700000003_SEASON_1,EPISODE,1202.0,Plan Successful,play_pause,9c076150-8fe7-4181-b264-db3029480394-1772022557237,507.0,307.4,SONYLIV_VOD_TVSHOW_1700000003,SONYLIV_VOD_TVSHOW_1700000003_SEASON_1,507.0,EPISODE,SONYLIV_VOD_EPISODE_1000028993,deaf5290-6088-4faf-ab27-a06c135c5882,2026-02-25
-qYleJJQO3qed26Fr0,1000184460,SONYLIV_VOD,0.0,SONYLIV_VOD_TVSHOW_1700000936,,1.81305,Tamil Rockerz,VOD,play_start,SONYLIV_VOD_TVSHOW_1700000936_SEASON_1,EPISODE,2128.0,"Aye, Aye, Captain!",api_init,f0235ec4-c4fa-462c-88da-c5f534de97e5-1771988095024,2.0,108.783,SONYLIV_VOD_TVSHOW_1700000936,SONYLIV_VOD_TVSHOW_1700000936_SEASON_1,2.0,EPISODE,SONYLIV_VOD_EPISODE_1000184460,1df0a74e-b3fd-45e4-a58e-7aa00d844f15,2026-02-25
DQj6tXkkzTjFXVRt40,1090497402,SONYLIV_VOD,0.0,SONYLIV_VOD_TVSHOW_1700000196,,46.005,CID,VOD,play_start,SONYLIV_VOD_TVSHOW_1700000196_SEASON_2,EPISODE,2758.0,Abhijeet’s Secret Caller,player_log,fe84ef23-c500-4102-884f-b1f0b054a743-1772039574529,103.0,2760.3,SONYLIV_VOD_TVSHOW_1700000196,SONYLIV_VOD_TVSHOW_1700000196_SEASON_2,103.0,EPISODE,SONYLIV_VOD_EPISODE_1090497402,ec8547d7-ad27-4be3-bf9e-c19611b44470,2026-02-25
gYoM_4BX1_Uix4fXL0,1090504799,SONYLIV_VOD,0.0,SONYLIV_VOD_TVSHOW_1700000084,,3.2866833333333334,Taarak Mehta Ka Ooltah Chashmah,VOD,play_start,SONYLIV_VOD_TVSHOW_1700000084_SEASON_47,EPISODE,1222.0,Dukaan Mein Party Sharty,play_start,57725835-1772038832789,4641.0,195.0,SONYLIV_VOD_TVSHOW_1700000084,SONYLIV_VOD_TVSHOW_1700000084_SEASON_47,4641.0,EPISODE,SONYLIV_VOD_EPISODE_1090504799,57725835-1772038832789-37994618-1772040212359,2026-02-25
EPtPZC80kP86zcWIq0,1090504799,SONYLIV_VOD,0.0,SONYLIV_VOD_TVSHOW_1700000084,,13.553083333333332,Taarak Mehta Ka Ooltah Chashmah,VOD,play_start,SONYLIV_VOD_TVSHOW_1700000084_SEASON_47,EPISODE,1222.0,Dukaan Mein Party Sharty,player_log,cf86705e-4081-4d0b-8cc8-ba820c669fe8-1772036970921,4641.0,813.185,SONYLIV_VOD_TVSHOW_1700000084,SONYLIV_VOD_TVSHOW_1700000084_SEASON_47,4641.0,EPISODE,SONYLIV_VOD_EPISODE_1090504799,7da7b68a-b586-49d0-96b3-9900b927360f,2026-02-25
veldD4eHao3y0JzO60,1090504799,SONYLIV_VOD,0.0,SONYLIV_VOD_TVSHOW_1700000084,,19.013500000000004,Taarak Mehta Ka Ooltah Chashmah,VOD,play_start,SONYLIV_VOD_TVSHOW_1700000084_SEASON_47,EPISODE,1222.0,Dukaan Mein Party Sharty,play_init,78df6021-9865-4b41-9815-0b4ff1cb2d44-1772004821062,4641.0,1139.573,SONYLIV_VOD_TVSHOW_1700000084,SONYLIV_VOD_TVSHOW_1700000084_SEASON_47,4641.0,EPISODE,SONYLIV_VOD_EPISODE_1090504799,43fa199c-84ad-485f-a4eb-25346649dfba,2026-02-25
q6Qx_Sft7y942GYIT0,1090505006,SONYLIV_VOD,0.0,SONYLIV_VOD_TVSHOW_1700001090,,36.51435,MasterChef India,VOD,play_session_end,SONYLIV_VOD_TVSHOW_1700001090_SEASON_4,EPISODE,3109.0,The Monsoon ASMR Challenge,player_log,19635036-1771956898495,37.0,2189.0,SONYLIV_VOD_TVSHOW_1700001090,SONYLIV_VOD_TVSHOW_1700001090_SEASON_4,37.0,EPISODE,SONYLIV_VOD_EPISODE_1090505006,19635036-1771956898495-62258828-1771956949030,2026-02-25
fp1XXeilPMELQ_9Qi0,1090505006,SONYLIV_VOD,0.0,SONYLIV_VOD_TVSHOW_1700001090,,20.825,MasterChef India,VOD,play_start,SONYLIV_VOD_TVSHOW_1700001090_SEASON_4,EPISODE,3109.0,The Monsoon ASMR Challenge,play_pause,fp1XXeilPMELQ_9Qi0-1772038881747.3909,37.0,1246.0,SONYLIV_VOD_TVSHOW_1700001090,SONYLIV_VOD_TVSHOW_1700001090_SEASON_4,37.0,EPISODE,SONYLIV_VOD_EPISODE_1090505006,77BF926E-58CF-4056-915D-B362F4E382E5,2026-02-25
oAKlfkQoZ1WBgwVb30,1090505006,SONYLIV_VOD,0.0,SONYLIV_VOD_TVSHOW_1700001090,,0.09941666666666667,MasterChef India,VOD,play_start,SONYLIV_VOD_TVSHOW_1700001090_SEASON_4,EPISODE,3109.0,The Monsoon ASMR Challenge,frame_dropped,26e01dc1-a6ee-4841-91dd-7c0690178485-1772037271760,37.0,5.396,SONYLIV_VOD_TVSHOW_1700001090,SONYLIV_VOD_TVSHOW_1700001090_SEASON_4,37.0,EPISODE,SONYLIV_VOD_EPISODE_1090505006,228015c3-86c6-4c0d-8dac-f88283175232,2026-02-25
QQyv-jsaKnjKTYRww0,1090505006,SONYLIV_VOD,0.0,SONYLIV_VOD_TVSHOW_1700001090,,0.13006666666666666,MasterChef India,VOD,play_start,SONYLIV_VOD_TVSHOW_1700001090_SEASON_4,EPISODE,3109.0,The Monsoon ASMR Challenge,play_start,355dd530-dd0e-4625-86d0-01ef01714f8e-1772036536908,37.0,7.804,SONYLIV_VOD_TVSHOW_1700001090,SONYLIV_VOD_TVSHOW_1700001090_SEASON_4,37.0,EPISODE,SONYLIV_VOD_EPISODE_1090505006,b312d1ae-e5f0-479b-84d4-e416d5efbfae,2026-02-25
vxI24-EGMeI_Dm9kN0,1090505006,SONYLIV_VOD,0.0,SONYLIV_VOD_TVSHOW_1700001090,,47.35246666666667,MasterChef India,VOD,play_start,SONYLIV_VOD_TVSHOW_1700001090_SEASON_4,EPISODE,3109.0,The Monsoon ASMR Challenge,player_log,vxI24-EGMeI_Dm9kN0-1772006071337.991,37.0,2841.0,SONYLIV_VOD_TVSHOW_1700001090,SONYLIV_VOD_TVSHOW_1700001090_SEASON_4,37.0,EPISODE,SONYLIV_VOD_EPISODE_1090505006,5BE7D9C7-4ECD-405D-9056-6DFD54DC642C,2026-02-25
DepN-91_Q-_WbuxQz0,1090505006,SONYLIV_VOD,0.0,SONYLIV_VOD_TVSHOW_1700001090,,52.03911666666667,MasterChef India,VOD,play_start,SONYLIV_VOD_TVSHOW_1700001090_SEASON_4,EPISODE,3109.0,The Monsoon ASMR Challenge,frame_dropped,89389811-cf8e-4299-9471-c9171c61b892-1772027077415,37.0,3114.054,SONYLIV_VOD_TVSHOW_1700001090,SONYLIV_VOD_TVSHOW_1700001090_SEASON_4,37.0,EPISODE,SONYLIV_VOD_EPISODE_1090505006,95d7a32d-0037-4035-b555-60345b619054,2026-02-25
ot9dHkTZEqTfW1zC-0,1090505006,SONYLIV_VOD,0.0,SONYLIV_VOD_TVSHOW_1700001090,,1.0226166666666667,MasterChef India,VOD,play_start,SONYLIV_VOD_TVSHOW_1700001090_SEASON_4,EPISODE,3109.0,The Monsoon ASMR Challenge,play_init,6fb5fe3e-8fd7-458e-b33c-2d90416dc1ba-1772029791446,37.0,60.158,SONYLIV_VOD_TVSHOW_1700001090,SONYLIV_VOD_TVSHOW_1700001090_SEASON_4,37.0,EPISODE,SONYLIV_VOD_EPISODE_1090505006,1dab97ec-fdbe-4e97-8d6d-f72f501e9568,2026-02-25
tgECOIuP6RNC_l6WQ0,1090505006,SONYLIV_VOD,0.0,SONYLIV_VOD_TVSHOW_1700001090,,46.93238333333333,MasterChef India,VOD,play_start,SONYLIV_VOD_TVSHOW_1700001090_SEASON_4,EPISODE,3109.0,The Monsoon ASMR Challenge,player_log,72f3cba6-1c27-411d-9da5-fd1a2454ea67-1772001237420,37.0,2785.263,SONYLIV_VOD_TVSHOW_1700001090,SONYLIV_VOD_TVSHOW_1700001090_SEASON_4,37.0,EPISODE,SONYLIV_VOD_EPISODE_1090505006,20dcf6ee-f2bd-44c8-b2e3-a27b9ab18043,2026-02-25
84lOuqAmDwMoiiUox0,1090505006,SONYLIV_VOD,0.0,SONYLIV_VOD_TVSHOW_1700001090,,41.9431,MasterChef India,VOD,play_start,SONYLIV_VOD_TVSHOW_1700001090_SEASON_4,EPISODE,3109.0,The Monsoon ASMR Challenge,player_log,7df5ca43-9dc6-4c0b-9670-d4cdf629bf41-1772022229700,37.0,2515.601,SONYLIV_VOD_TVSHOW_1700001090,SONYLIV_VOD_TVSHOW_1700001090_SEASON_4,37.0,EPISODE,SONYLIV_VOD_EPISODE_1090505006,d1d0db00-4fdd-45f5-80e6-461f3791ff21,2026-02-25
oJ_84bOmyuWc-0bK60,1090505006,SONYLIV_VOD,0.0,SONYLIV_VOD_TVSHOW_1700001090,,0.059899999999999995,MasterChef India,VOD,play_start,SONYLIV_VOD_TVSHOW_1700001090_SEASON_4,EPISODE,3109.0,The Monsoon ASMR Challenge,app_generated_action,039e5657-c0b3-47cc-8a99-53d7da9f5c3f-1771991941358,37.0,3.594,SONYLIV_VOD_TVSHOW_1700001090,SONYLIV_VOD_TVSHOW_1700001090_SEASON_4,37.0,EPISODE,SONYLIV_VOD_EPISODE_1090505006,aa639ef8-b5e3-450f-9f7b-5738aa05024c,2026-02-25
s25n8I66fAoj_uNkA0,1090505006,SONYLIV_VOD,0.0,SONYLIV_VOD_TVSHOW_1700001090,,49.54646666666667,MasterChef India,VOD,play_start,SONYLIV_VOD_TVSHOW_1700001090_SEASON_4,EPISODE,3109.0,The Monsoon ASMR Challenge,player_log,3b283cd5-e66a-4130-a1e0-79b008ce819e-1772003805088,37.0,2949.306,SONYLIV_VOD_TVSHOW_1700001090,SONYLIV_VOD_TVSHOW_1700001090_SEASON_4,37.0,EPISODE,SONYLIV_VOD_EPISODE_1090505006,1737b5db-e6df-4163-b22a-fa8a7c6152f0,2026-02-25
qe6XxtUnrfFkq8chr0,1090505006,SONYLIV_VOD,0.0,SONYLIV_VOD_TVSHOW_1700001090,,42.79253333333333,MasterChef India,VOD,play_start,SONYLIV_VOD_TVSHOW_1700001090_SEASON_4,EPISODE,3109.0,The Monsoon ASMR Challenge,play_pause,864c3427-c6b5-4de2-9a26-4e5e705a75cb-1771985972479,37.0,2565.392,SONYLIV_VOD_TVSHOW_1700001090,SONYLIV_VOD_TVSHOW_1700001090_SEASON_4,37.0,EPISODE,SONYLIV_VOD_EPISODE_1090505006,9bd1b61d-2b80-497d-bac4-d145796cc0c3,2026-02-25
xweCZ6pQEQ21TBqD90,1090505006,SONYLIV_VOD,0.0,SONYLIV_VOD_TVSHOW_1700001090,,25.65011666666667,MasterChef India,VOD,play_start,SONYLIV_VOD_TVSHOW_1700001090_SEASON_4,EPISODE,3109.0,The Monsoon ASMR Challenge,play_pause,666aad65-030f-4628-b574-42020801c434-1772005922466,37.0,1536.123,SONYLIV_VOD_TVSHOW_1700001090,SONYLIV_VOD_TVSHOW_1700001090_SEASON_4,37.0,EPISODE,SONYLIV_VOD_EPISODE_1090505006,59ed0568-ba78-443c-8322-0d6b53786f4d,2026-02-25
0JTqcZIBHlBn2_gxq0,1090505006,SONYLIV_VOD,0.0,SONYLIV_VOD_TVSHOW_1700001090,,44.34048333333333,MasterChef India,VOD,play_start,SONYLIV_VOD_TVSHOW_1700001090_SEASON_4,EPISODE,3109.0,The Monsoon ASMR Challenge,player_log,3d9de2f5-b2c4-478a-88a8-00c795ceb1f6-1772040782271,37.0,2649.136,SONYLIV_VOD_TVSHOW_1700001090,SONYLIV_VOD_TVSHOW_1700001090_SEASON_4,37.0,EPISODE,SONYLIV_VOD_EPISODE_1090505006,3b071957-954f-4d6e-b858-9a039ba043af,2026-02-25
5iXiA_61s-nHpcIvd0,1090505006,SONYLIV_VOD,0.0,SONYLIV_VOD_TVSHOW_1700001090,,0.016516666666666666,MasterChef India,VOD,play_start,SONYLIV_VOD_TVSHOW_1700001090_SEASON_4,EPISODE,3109.0,The Monsoon ASMR Challenge,play_init,9febd807-4ce2-4f46-ab68-62517e309b25-1771994833962,37.0,0.991,SONYLIV_VOD_TVSHOW_1700001090,SONYLIV_VOD_TVSHOW_1700001090_SEASON_4,37.0,EPISODE,SONYLIV_VOD_EPISODE_1090505006,51c1f450-b7c7-4be5-8a72-32cacb64096a,2026-02-25
hlK3SCuLorwc1tJuq0,1090504880,SONYLIV_VOD,0.0,,,79.74946666666668,,VOD,play_pause,,VIDEO,,Atletico vs Club Brugge - Play-offs Leg 2 - 24 Feb 2026,player_log,a4163d41-3a12-42eb-8610-b4302103e382-1771953843896,,4784.968000000001,,,,VIDEO,SONYLIV_VOD_LIVE_SPORT_1090504880,11335436-02a8-4746-891d-3ff6bf3e2970,2026-02-25
